fid,area_name_russian,Lukashenko,Kebich,Pazniak,Shushkevich,Dubko,Novikau,latitude_wgs84,longitude_wgs84,area_name_belarusian,non_lukashenko,ID_0,ISO,NAME_0,ID_1,NAME_1,ID_2,NAME_2,TYPE_2,ENGTYPE_2,NL_NAME_2,VARNAME_2,HubName,HubDist,fid_2,ID_,NAME1_,Control,AREA,PERIMETER
"7",Ганцевичский район,0.66,0.068,0.124,0.037,0.052,0.023,52.7567,26.4314,Ганцавіцкі раён,0.34,"22",BLR,Belarus,"1",Brest,"5",Hancavichy,Raion,District,,Gancevichi,"171",39.2510837192554,"1",P1306,£uniniec district,ja,5874.6179427,392.528998759
"14",Лунинецкий район,0.697,0.062,0.093,0.048,0.062,0.013,52.2503,26.7922,Лунінецкі раён,0.303,"22",BLR,Belarus,"1",Brest,"10",Luninets,Raion,District,,,"70",49.669079795903,"1",P1306,£uniniec district,ja,5874.6179427,392.528998759
"13",Лунинец,0.604,0.105,0.131,0.089,0.024,0.019,52.2435,26.8111,Лунінец,0.396,"22",BLR,Belarus,"1",Brest,"10",Luninets,Raion,District,,,"70",49.5920991482452,"1",P1306,£uniniec district,ja,5874.6179427,392.528998759
"66",Слоним,0.278,0.246,0.22,0.1,0.06,0.02,53.077,25.3166,Слонім,0.722,"22",BLR,Belarus,"3",Hrodna,"50",Slonim,Raion,District,,,"166",100.100817603705,"2",P1201,S³onim district,ja,3022.70750296,289.019336914
"67",Слонимский район,0.386,0.198,0.189,0.05,0.096,0.02,53.0817,25.3167,Слонімскі раён,0.61400002,"22",BLR,Belarus,"3",Hrodna,"50",Slonim,Raion,District,,,"165",100.097176581239,"2",P1201,S³onim district,ja,3022.70750296,289.019336914
"107",Клецкий район,0.629,0.09,0.103,0.071,0.049,0.024,53.062,26.6372,Клецкі раён,0.37099999,"22",BLR,Belarus,"5",Minsk,"81",Klyetsak,Raion,District,,Kletsk,"166",11.6741664687466,"3",P1203,Niewie¿ district,ja,1975.45913188,260.33569506
"125",Несвижский район,0.425,0.091,0.237,0.086,0.089,0.021,53.2151,26.6667,Нясвіжскі раён,0.57499999,"22",BLR,Belarus,"5",Minsk,"88",Nyas'vizh,Raion,District,,Nesvizh,"159",12.8053783178969,"3",P1203,Niewie¿ district,ja,1975.45913188,260.33569506
"2",Барановичский район,0.541,0.112,0.11,0.065,0.111,0.025,53.1262,25.9799,Баранавіцкі раён,0.45899999,"22",BLR,Belarus,"1",Brest,"1",Baranavichy,Raion,District,,Baranovichi,"165",55.8303365993159,"4",P1202,Baranowicze district,ja,3374.505573,355.04011477
"1",Барановичи,0.447,0.163,0.149,0.127,0.035,0.047,53.1102,25.9834,Баранавічы,0.55299997,"22",BLR,Belarus,"1",Brest,"1",Baranavichy,Raion,District,,Baranovichi,"165",55.483865633425,"4",P1202,Baranowicze district,ja,3374.505573,355.04011477
"15",Ляховичский район,0.63,0.068,0.16,0.051,0.07,0.019,53.0373,26.2664,Ляхавіцкі раён,0.37,"22",BLR,Belarus,"1",Brest,"11",Lyakhavichy,Raion,District,,Lyahovichi,"166",36.6912422448108,"4",P1202,Baranowicze district,ja,3374.505573,355.04011477
"134",Столбцовский район,0.448,0.098,0.175,0.078,0.145,0.019,53.4817,26.7333,Стаўбцоўскі раён,0.55199999,"22",BLR,Belarus,"5",Minsk,"94",Stowptsy,Raion,District,,Stolbtsu,"484",12.6054016793883,"5",P1206,Stolpce district,ja,2101.16518558,242.468044436
"54",Дятловский район,0.386,0.17,0.189,0.078,0.09,0.035,53.4484,25.4,Дзяталаўскі раён,0.61400002,"22",BLR,Belarus,"3",Hrodna,"41",Dzyatlava,Raion,District,,Dyatlovo,"165",102.492402679769,"6",P1205,Nowogródek district,ja,2998.06593531,352.850931976
"63",Новогрудский район,0.579,0.075,0.11,0.05,0.108,0.02,53.5817,25.8167,Навагрудскі раён,0.421,"22",BLR,Belarus,"3",Hrodna,"47",Navahradak,Raion,District,,Novogrudok,"463",71.2850598220638,"6",P1205,Nowogródek district,ja,2998.06593531,352.850931976
"62",Новогрудок,0.45,0.097,0.217,0.106,0.056,0.02,53.5769,25.8168,Навагрудак,0.55000001,"22",BLR,Belarus,"3",Hrodna,"47",Navahradak,Raion,District,,Novogrudok,"463",71.3520460044292,"6",P1205,Nowogródek district,ja,2998.06593531,352.850931976
"58",Кореличский район,0.55,0.096,0.119,0.07,0.079,0.019,53.5651,26.1333,Карэліцкі раён,0.44999999,"22",BLR,Belarus,"3",Hrodna,"44",Karelichy,Raion,District,,Korelichi,"463",50.9461594696771,"6",P1205,Nowogródek district,ja,2998.06593531,352.850931976
"9",Ивацевичский район,0.652,0.079,0.12,0.049,0.039,0.026,52.7115,25.3428,Івацэвіцкі раён,0.34799999,"22",BLR,Belarus,"1",Brest,"7",Ivatsevichy,Raion,District,,Ivatsevichi,"171",105.209031197606,"7",P1305,Kosów district,ja,3566.82494253,340.157415961
"6",Дрогичинский район,0.732,0.071,0.073,0.037,0.041,0.015,52.1892,25.1478,Драгічынскі раён,0.26800001,"22",BLR,Belarus,"1",Brest,"4",Drahichyn,Raion,District,,Drogichin,"171",146.190166185129,"8",P1302,Drohiczyn district,ja,2254.1951819,242.892550273
"8",Ивановский район,0.624,0.144,0.075,0.062,0.015,0.014,52.1478,25.535,Іванаўскі раён,0.37599999,"22",BLR,Belarus,"1",Brest,"6",Ivanaw,Raion,District,,Ivanovo,"171",130.377097680275,"8",P1302,Drohiczyn district,ja,2254.1951819,242.892550273
"21",Жабинковский район,0.533,0.155,0.076,0.11,0.06,0.025,52.2001,24.0217,Жабінкаўскі раён,0.46700001,"22",BLR,Belarus,"1",Brest,"16",Zhabinka,Raion,District,,,"171",210.324526031005,"9",P1304,Kobryñ district,ja,3367.24386475,314.027532273
"11",Кобрин,0.63,0.132,0.09,0.127,0.032,0.023,52.2102,24.3502,Кобрын,0.37,"22",BLR,Belarus,"1",Brest,"9",Kobryn',Raion,District,,Kobrin,"171",189.970474087139,"9",P1304,Kobryñ district,ja,3367.24386475,314.027532273
"12",Кобринский район,0.678,0.117,0.041,0.033,0.07,0.018,52.2112,24.3716,Кобрынскі раён,0.322,"22",BLR,Belarus,"1",Brest,"9",Kobryn',Raion,District,,Kobrin,"171",188.64114988531,"9",P1304,Kobryñ district,ja,3367.24386475,314.027532273
"19",Пружанский район,0.573,0.126,0.094,0.069,0.088,0.018,52.5573,24.4691,Пружанскі раён,0.42699999,"22",BLR,Belarus,"1",Brest,"14",Pruzhany,Raion,District,,Pruzhanu,"171",166.713986316828,"10",P1308,Pru¿ana district,ja,3003.03096198,295.512507121
"3",Берёзовский район,0.552,0.108,0.137,0.078,0.054,0.019,52.5312,24.9775,Бярозаўскі раён,0.44800001,"22",BLR,Belarus,"1",Brest,"2",Biaroza,Raion,District,,Bereza,"171",135.684375735611,"10",P1308,Pru¿ana district,ja,3003.03096198,295.512507121
"5",Брестский район,0.534,0.149,0.07,0.063,0.1,0.038,52.1136,23.6611,Брэсцкі раён,0.46599999,"22",BLR,Belarus,"1",Brest,"3",Brest,Raion,District,,,"171",236.699476210872,"12",P1301,Brzeæ district,ja,4622.80392258,478.394271679
"4",Брест,0.399,0.222,0.109,0.141,0.034,0.048,52.0935,23.6834,Брэст,0.60100001,"22",BLR,Belarus,"1",Brest,"3",Brest,Raion,District,,,"171",236.343056457455,"12",P1301,Brzeæ district,ja,4622.80392258,478.394271679
"10",Каменецкий район,0.677,0.122,0.045,0.04,0.066,0.015,52.3873,23.8128,Камянецкі раён,0.32300001,"22",BLR,Belarus,"1",Brest,"8",Kamyanyets,Raion,District,,Kamenets,"171",215.074583167015,"12",P1301,Brzeæ district,ja,4622.80392258,478.394271679
"16",Малоритский район,0.45,0.241,0.068,0.062,0.085,0.099,51.7917,24.0703,Маларыцкі раён,0.55000001,"22",BLR,Belarus,"1",Brest,"12",Malaryta,Raion,District,,Malorita,"171",231.676370544467,"12",P1301,Brzeæ district,ja,4622.80392258,478.394271679
"18",Пинский район,0.676,0.12,0.062,0.05,0.037,0.021,52.1233,26.0858,Пінскі раён,0.324,"22",BLR,Belarus,"1",Brest,"13",Pinsk,Raion,District,,,"189",98.32747199578,"15",P1307,Piñsk district,ja,5613.54424055,458.239313578
"17",Пинск,0.487,0.131,0.125,0.155,0.019,0.045,52.1163,26.0949,Пінск,0.51300001,"22",BLR,Belarus,"1",Brest,"13",Pinsk,Raion,District,,,"189",98.6009648145121,"15",P1307,Piñsk district,ja,5613.54424055,458.239313578
"20",Столинский район,0.323,0.132,0.318,0.06,0.101,0.028,51.8987,26.8561,Столінскі раён,0.67699999,"22",BLR,Belarus,"1",Brest,"15",Stolin,Raion,District,,,"28",45.2364705105992,"17",P1309,Stolin district,ja,5288.26745194,386.878886071
"64",Свислочский район,0.57,0.077,0.12,0.06,0.096,0.017,53.0317,24.1,Свіслацкі раён,0.43000001,"22",BLR,Belarus,"3",Hrodna,"48",S'vislach,Raion,District,,Svisloch,"166",181.78410608328,"19",P0809,Wo³kowysk district,ja,3882.68689631,336.796163617
"70",Волковыск,0.31,0.098,0.276,0.16,0.0399,0.06,53.1603,24.4666,Ваўкавыск,0.69,"22",BLR,Belarus,"3",Hrodna,"52",Vawkavysk,Raion,District,,Volkovysk,"165",157.14436492574,"19",P0809,Wo³kowysk district,ja,3882.68689631,336.796163617
"71",Волковыский район,0.44,0.13,0.178,0.09,0.08,0.02,53.1651,24.4666,Ваўкавыскі раён,0.56,"22",BLR,Belarus,"3",Hrodna,"52",Vawkavysk,Raion,District,,Volkovysk,"165",157.165521132968,"19",P0809,Wo³kowysk district,ja,3882.68689631,336.796163617
"73",Зельвенский район,0.4,0.148,0.236,0.06,0.07,0.017,53.1484,24.8167,Зэльвенскі раён,0.60000002,"22",BLR,Belarus,"3",Hrodna,"54",Zel'va,Raion,District,,Zelva,"165",133.689726262098,"19",P0809,Wo³kowysk district,ja,3882.68689631,336.796163617
"56",Гродненский район,0.406,0.126,0.119,0.069,0.19,0.026,53.6651,23.8166,Гродзенскі раён,0.59399998,"22",BLR,Belarus,"3",Hrodna,"42",Hrodna,Raion,District,,,"165",209.484339022201,"20",P0803,Grodno district,ja,5225.58392144,482.788530791
"55",Гродно,0.387,0.16,0.17,0.145,0.04,0.03,53.6604,23.8335,Гродна,0.61299998,"22",BLR,Belarus,"3",Hrodna,"42",Hrodna,Raion,District,,,"165",208.263758146914,"20",P0803,Grodno district,ja,5225.58392144,482.788530791
"53",Берестовицкий район,0.49,0.12,0.13,0.06,0.11,0.01,53.194,24.0208,Бераставіцкі раён,0.50999999,"22",BLR,Belarus,"3",Hrodna,"40",Byerastavitsa,Raion,District,,Berestovitsa,"165",187.083533208342,"20",P0803,Grodno district,ja,5225.58392144,482.788530791
"61",Мостовский район,0.418,0.1,0.14,0.1,0.12,0.047,53.3984,24.5333,Мастоўскі раён,0.58200002,"22",BLR,Belarus,"3",Hrodna,"46",Masty,Raion,District,,Mostu,"165",156.007969419179,"20",P0803,Grodno district,ja,5225.58392144,482.788530791
"51",Ошмянский район,0.277,0.08,0.23,0.07,0.277,0.016,54.2899,26.0453,Ашмянскі раён,0.72299999,"22",BLR,Belarus,"3",Hrodna,"38",Ashmyany,Raion,District,,Oshmyanu,"455",80.4522920028079,"21",P1102,Oszmiana district,ja,2416.72319209,325.361705496
"69",Сморгонский район,0.206,0.13,0.34,0.09,0.156,0.019,54.4821,26.4,Смаргонскі раён,0.79400003,"22",BLR,Belarus,"3",Hrodna,"51",Smarhon',Raion,District,,Smorgon,"310",77.7119142501946,"21",P1102,Oszmiana district,ja,2416.72319209,325.361705496
"68",Сморгонь,0.16,0.18,0.38,0.16,0.045,0.02,54.4775,26.4001,Смаргонь,0.83999997,"22",BLR,Belarus,"3",Hrodna,"51",Smarhon',Raion,District,,Smorgon,"310",77.2594685190763,"21",P1102,Oszmiana district,ja,2416.72319209,325.361705496
"136",Воложинский район,0.33,0.253,0.238,0.07,0.049,0.018,54.0817,26.5167,Валожынскі раён,0.67000002,"22",BLR,Belarus,"5",Minsk,"96",Valozhyn,Raion,District,,Volozhin,"455",42.6151130425173,"22",P1208,Wo³o¿yn district,ja,3062.2418284,334.032473217
"59",Лида,0.249,0.15,0.318,0.15,0.04,0.03,53.8771,25.3001,Ліда,0.75099999,"22",BLR,Belarus,"3",Hrodna,"45",Lida,Raion,District,,,"457",105.543313518991,"23",P1207,Lida district,ja,4311.4838068,419.801349916
"60",Лидский район,0.32,0.135,0.298,0.1,0.076,0.016,53.8856,25.3028,Лідскі раён,0.68000001,"22",BLR,Belarus,"3",Hrodna,"45",Lida,Raion,District,,,"457",105.49538825181,"23",P1207,Lida district,ja,4311.4838068,419.801349916
"72",Вороновский район,0.28,0.23,0.22,0.067,0.16,0.014,54.1484,25.3167,Воранаўскі раён,0.72000003,"22",BLR,Belarus,"3",Hrodna,"53",Voranava,Raion,District,,Voronovo,"457",112.511662109114,"23",P1207,Lida district,ja,4311.4838068,419.801349916
"57",Ивьевский район,0.267,0.09,0.4,0.079,0.08,0.02,53.9151,25.7666,Іўеўскі раён,0.73299998,"22",BLR,Belarus,"3",Hrodna,"43",Iwye,Raion,District,,Ivye,"457",76.1733240908918,"23",P1207,Lida district,ja,4311.4838068,419.801349916
"52",Островецкий район,0.15,0.21,0.27,0.09,0.18,0.019,54.6121,25.9553,Астравецкі раён,0.85000002,"22",BLR,Belarus,"3",Hrodna,"39",Astravyets,Raion,District,,Ostrovets,"310",105.828636678061,"24",P1109,Wilno district,ja,5963.85558576,621.989996627
"137",Вилейка,0.313,0.113,0.316,0.129,0.034,0.046,54.4771,26.9165,Вілейка,0.68699998,"22",BLR,Belarus,"5",Minsk,"97",Vyalyeyka,Raion,District,,Vileyka,"208",43.0289865387609,"25",P1104,Wilejka district,ja,3785.4652062,359.232693314
"138",Вилейский район,0.408,0.101,0.237,0.082,0.063,0.055,54.4817,26.9167,Вілейскі раён,0.59200001,"22",BLR,Belarus,"5",Minsk,"97",Vyalyeyka,Raion,District,,Vileyka,"208",43.4733141636527,"25",P1104,Wilejka district,ja,3785.4652062,359.232693314
"65",Щучинский район,0.436,0.15,0.18,0.07,0.079,0.019,53.5587,24.8697,Шчучынскі раён,0.56400001,"22",BLR,Belarus,"3",Hrodna,"49",Shchuchyn,Raion,District,,Shchuchin,"165",139.713641396567,"28",P1204,Szczuczyn district,ja,1843.08711175,226.332070567
"112",Молодеченский район,0.355,0.115,0.269,0.084,0.097,0.039,54.312,26.8517,Маладзечанскі раён,0.64499998,"22",BLR,Belarus,"5",Minsk,"85",Maladechna,Raion,District,,Molodechno,"231",42.5869473752153,"31",P1103,Mo³odeczno district,ja,1932.52875102,240.111239093
"111",Молодечно,0.253,0.041,0.323,0.146,0.039,0.045,54.3076,26.8612,Маладзечна,0.74699998,"22",BLR,Belarus,"5",Minsk,"85",Maladechna,Raion,District,,Molodechno,"225",38.0942272413229,"31",P1103,Mo³odeczno district,ja,1932.52875102,240.111239093
"124",Мядельский район,0.374,0.107,0.269,0.114,0.064,0.032,54.874,26.9386,Мядзельскі раён,0.62599999,"22",BLR,Belarus,"5",Minsk,"87",Myadzyel,Raion,District,,Myadel,"270",48.855552297697,"32",P1106,Postawy district,ja,3298.3587352,299.331898694
"151",Поставский район,0.267,0.214,0.24,0.141,0.068,0.019,55.1151,26.8333,Пастаўскі раён,0.73299998,"22",BLR,Belarus,"6",Vitsyebsk,"109",Pastavy,Raion,District,,Postavu,"270",74.4259203362281,"32",P1106,Postawy district,ja,3298.3587352,299.331898694
"144",Докшицкий район,0.445,0.124,0.183,0.076,0.093,0.034,54.8818,27.7667,Докшыцкі раён,0.55500001,"22",BLR,Belarus,"6",Vitsyebsk,"102",Dokshytsy,Raion,District,,Dokshitsy,"418",7.40924172081778,"33",P1107,Dzisna district,ja,3637.24684722,342.218981163
"147",Глубокский район,0.39,0.102,0.279,0.084,0.082,0.015,55.1318,27.6833,Глыбоцкі раён,0.61000001,"22",BLR,Belarus,"6",Vitsyebsk,"105",Hlybokaye,Raion,District,,Glubokoye,"409",28.8688110751229,"33",P1107,Dzisna district,ja,3637.24684722,342.218981163
"156",Шарковщинский район,0.42,0.098,0.183,0.085,0.151,0.021,55.3651,27.4667,Шаркаўшчынкі раён,0.57999998,"22",BLR,Belarus,"6",Vitsyebsk,"112",Sharkawshchyna,Raion,District,,Sharkovshchina,"421",48.5380400547651,"33",P1107,Dzisna district,ja,3637.24684722,342.218981163
"141",Браславский район,0.257,0.129,0.26,0.067,0.196,0.033,55.6418,27.0614,Браслаўскі раён,0.74299997,"22",BLR,Belarus,"6",Vitsyebsk,"99",Braslaw,Raion,District,,Braslav,"421",37.3823902963795,"34",P1108,Bras³aw district,ja,4305.50037911,312.648326759
"150",Миорский район,0.401,0.121,0.12,0.12,0.176,0.016,55.6152,27.6166,Мёрскі раён,0.59899998,"22",BLR,Belarus,"6",Vitsyebsk,"108",Myory,Raion,District,,Mioru,"421",20.1312090062643,"34",P1108,Bras³aw district,ja,4305.50037911,312.648326759
"22",Октябрьский район,0.573,0.145,0.036,0.037,0.076,0.067,52.6414,28.8822,Акцябрскі раён,0.42699999,"22",BLR,Belarus,"2",Homyel',"17",Aktsyabar,Raion,District,,Oktyabrski,"99",84.649266765445,,,,,,
"23",Брагинский район,0.58,0.185,0.019,0.038,0.06,0.066,51.7817,30.2666,Брагінскі раён,0.41999999,"22",BLR,Belarus,"2",Homyel',"18",Brahin,Raion,District,,,"14",183.998161978456,,,,,,
"24",Буда-Кошелёвский район,0.468,0.283,0.042,0.045,0.057,0.037,52.7151,30.5666,Буда-Кашалёўскі раён,0.53200001,"22",BLR,Belarus,"2",Homyel',"19",Buda-Kashalyowa,Raion,District,,Buda-Koshelevo,"99",198.818169935955,,,,,,
"25",Чечерский район,0.285,0.574,0.013,0.027,0.021,0.02,52.9151,30.9166,Чэчэрскі раён,0.71499997,"22",BLR,Belarus,"2",Homyel',"20",Chachersk,Raion,District,,Chechersk,"99",224.976931099987,,,,,,
"26",Добруш,0.439,0.285,0.042,0.054,0.041,0.058,52.4103,31.3165,Добруш,0.56099999,"22",BLR,Belarus,"2",Homyel',"21",Dobrush,Raion,District,,,"100",249.776951096716,,,,,,
"27",Добрушкий район,0.386,0.33,0.037,0.061,0.08,0.03,52.4151,31.3167,Добрушскі раён,0.61400002,"22",BLR,Belarus,"2",Homyel',"21",Dobrush,Raion,District,,,"100",249.749866008457,,,,,,
"28",Гомель,0.348,0.257,0.093,0.145,0.028,0.057,52.4174,31.013,Гомель,0.65200001,"22",BLR,Belarus,"2",Homyel',"22",Homyel',Raion,District,,Homyel,"100",229.126190301752,,,,,,
"29",Гомельский район,0.428,0.269,0.047,0.064,0.061,0.056,52.4225,31.0134,Гомельскі раён,0.57200003,"22",BLR,Belarus,"2",Homyel',"22",Homyel',Raion,District,,Homyel,"100",229.110719928782,,,,,,
"30",Калинковичи,0.501,0.209,0.055,0.096,0.033,0.047,52.1268,29.3335,Калінкавічы,0.49900001,"22",BLR,Belarus,"2",Homyel',"23",Kalinkavichy,Raion,District,,Kalinkovichi,"11",118.236992254995,,,,,,
"31",Калинковичский район,0.607,0.2,0.025,0.034,0.052,0.03,52.1317,29.3333,Калінкавіцкі раён,0.39300001,"22",BLR,Belarus,"2",Homyel',"23",Kalinkavichy,Raion,District,,Kalinkovichi,"11",118.268262647216,,,,,,
"32",Кормянский район,0.461,0.333,0.025,0.025,0.029,0.028,53.1276,30.8106,Кармянскі раён,0.53899997,"22",BLR,Belarus,"2",Homyel',"24",Karma,Raion,District,,Korma,"99",223.209186264526,,,,,,
"33",Хойникский район,0.626,0.16,0.021,0.042,0.065,0.041,51.8983,29.9667,Хойніцкі раён,0.37400001,"22",BLR,Belarus,"2",Homyel',"25",Khoyniki,Raion,District,,Khoiniki,"12",161.761652329297,,,,,,
"34",Лоевский район,0.559,0.164,0.043,0.058,0.087,0.039,51.9317,30.8011,Лоеўскі раён,0.44100001,"22",BLR,Belarus,"2",Homyel',"26",Loyew,Raion,District,,Loev,"12",218.69493305243,,,,,,
"35",Лельчицкий район,0.64,0.185,0.026,0.042,0.036,0.027,51.7842,28.3247,Лельчыцкі раён,0.36000001,"22",BLR,Belarus,"2",Homyel',"27",Lyel'chytsy,Raion,District,,Lelchitsu,"14",53.925476600769,,,,,,
"36",Мозырь,0.503,0.174,0.072,0.1,0.041,0.052,52.0435,29.2332,Мазыр,0.49700001,"22",BLR,Belarus,"2",Homyel',"28",Mazyr,Raion,District,,Mozyr,"11",110.975576481047,,,,,,
"37",Мозырский район,0.597,0.135,0.04,0.043,0.072,0.05,52.0483,29.2333,Мазырскі раён,0.403,"22",BLR,Belarus,"2",Homyel',"28",Mazyr,Raion,District,,Mozyr,"11",110.985454908002,,,,,,
"38",Наровлянский район,0.563,0.251,0.02,0.036,0.038,0.006,51.7983,29.5,Нараўлняскі раён,0.43700001,"22",BLR,Belarus,"2",Homyel',"29",Narowlya,Raion,District,,Narovlya,"14",131.473077439346,,,,,,
"39",Петриковский район,0.572,0.219,0.032,0.052,0.039,0.038,52.2484,28.5,Петрыкаўскі раён,0.428,"22",BLR,Belarus,"2",Homyel',"30",Pyetrykaw,Raion,District,,Petrikov,"101",65.5839548424362,,,,,,
"40",Рогачёв,0.434,0.188,0.097,0.09,0.069,0.061,53.0935,30.05,Рагачоў,0.56599998,"22",BLR,Belarus,"2",Homyel',"31",Rahachow,Raion,District,,Rogachev,"99",173.546010448846,,,,,,
"41",Рогачёвский район,0.553,0.188,0.036,0.032,0.037,0.099,53.0984,30.05,Рагачоўскі раён,0.447,"22",BLR,Belarus,"2",Homyel',"31",Rahachow,Raion,District,,Rogachev,"99",173.732493418296,,,,,,
"42",Речица,0.412,0.187,0.084,0.12,0.066,0.068,52.3659,30.3878,Рэчыца,0.588,"22",BLR,Belarus,"2",Homyel',"32",Rechytsa,Raion,District,,Rechitsa,"100",187.29343795581,,,,,,
"43",Речицкий район,0.451,0.183,0.055,0.061,0.104,0.088,52.3623,30.3947,Рэчыцкі раён,0.54900002,"22",BLR,Belarus,"2",Homyel',"32",Rechytsa,Raion,District,,Rechitsa,"100",187.80652385297,,,,,,
"44",Светлогорск,0.482,0.163,0.094,0.096,0.051,0.094,52.6269,29.7335,Светлагорск,0.51800001,"22",BLR,Belarus,"2",Homyel',"33",S'vyetlahorsk,Raion,District,,Svetlogorsk,"99",141.921116887346,,,,,,
"45",Светлогорский район,0.629,0.137,0.033,0.032,0.089,0.032,52.6317,29.7333,Светлагорскі раён,0.37099999,"22",BLR,Belarus,"2",Homyel',"33",S'vyetlahorsk,Raion,District,,Svetlogorsk,"99",141.938194558853,,,,,,
"46",Ветковский район,0.367,0.46,0.019,0.045,0.075,0.031,52.6817,31.2255,Веткаўскі раён,0.63300002,"22",BLR,Belarus,"2",Homyel',"34",Vyetka,Raion,District,,Vetka,"99",243.063402195583,,,,,,
"47",Ельский район,0.539,0.231,0.03,0.04,0.065,0.046,51.815,29.15,Ельскі раён,0.461,"22",BLR,Belarus,"2",Homyel',"35",Yel'sk,Raion,District,,Elsk,"14",107.398511716299,,,,,,
"48",Жлобин,0.326,0.263,0.092,0.109,0.044,0.066,52.8937,30.0332,Жлобін,0.67400002,"22",BLR,Belarus,"2",Homyel',"36",Zhlobin,Raion,District,,,"99",166.181511808646,,,,,,
"49",Жлобинский район,0.497,0.223,0.045,0.044,0.086,0.046,52.8984,30.0334,Жлобінскі раён,0.50300002,"22",BLR,Belarus,"2",Homyel',"36",Zhlobin,Raion,District,,,"99",166.311594241326,,,,,,
"50",Житковичский район,0.588,0.149,0.044,0.056,0.07,0.027,52.2156,27.8547,Жыткавіцкі раён,0.412,"22",BLR,Belarus,"2",Homyel',"37",Zhytkavichy,Raion,District,,Zhitkovichi,"131",19.8357417705147,,,,,,
"74",Осиповичи,0.37,0.297,0.08,0.084,0.044,0.085,53.3037,28.6589,Асіповічы,0.63,"22",BLR,Belarus,"4",Mahilyow,"55",Asipovichy,Raion,District,,Osipovichi,"97",107.505622192734,,,,,,
"75",Осиповичский район,0.483,0.209,0.056,0.046,0.096,0.066,53.2984,28.65,Асіповіцкі раён,0.51700002,"22",BLR,Belarus,"4",Mahilyow,"55",Asipovichy,Raion,District,,Osipovichi,"97",106.67193937918,,,,,,
"76",Бобруйск,0.496,0.254,0.081,0.053,0.038,0.038,53.1436,29.2332,Бабруйск,0.50400001,"22",BLR,Belarus,"4",Mahilyow,"56",Babruysk,Raion,District,,Bobruysk,"98",125.935994799564,,,,,,
"77",Бобруйский район,0.557,0.132,0.046,0.024,0.165,0.037,53.0984,29.2167,Бабруйскі раён,0.44299999,"22",BLR,Belarus,"4",Mahilyow,"56",Babruysk,Raion,District,,Bobruysk,"98",122.459823113173,,,,,,
"78",Белыничский район,0.793,0.072,0.027,0.019,0.029,0.03,53.994,29.7094,Бялыніцкі раён,0.207,"22",BLR,Belarus,"4",Mahilyow,"57",Bialynichy,Raion,District,,Belynichi,"388",151.456795764604,,,,,,
"79",Быховский район,0.596,0.249,0.021,0.024,0.039,0.016,53.5245,30.2358,Быхаўскі раён,0.40400001,"22",BLR,Belarus,"4",Mahilyow,"58",Bykhaw,Raion,District,,Byhov,"388",213.947059043817,,,,,,
"80",Чаусовский район,0.786,0.123,0.015,0.008,0.023,0.017,53.7984,30.9667,Чавускі раён,0.214,"22",BLR,Belarus,"4",Mahilyow,"59",Chavusy,Raion,District,,Chausu,"368",231.764060131407,,,,,,
"81",Чериковский район,0.651,0.162,0.03,0.024,0.076,0.023,53.5651,31.3667,Чэрыкаўскі раён,0.34900001,"22",BLR,Belarus,"4",Mahilyow,"60",Cherykaw,Raion,District,,Cherikov,"368",268.807116224351,,,,,,
"82",Дрибинский район,0.71,0.127,0.023,0.012,0.039,0.024,54.1179,31.093,Дрыбінскі раён,0.28999999,"22",BLR,Belarus,"4",Mahilyow,"61",Drybin,Raion,District,,Dribin,"368",215.842384554077,,,,,,
"83",Глуский район,0.436,0.257,0.066,0.037,0.123,0.047,52.8895,28.6887,Глускі раён,0.56400001,"22",BLR,Belarus,"4",Mahilyow,"62",Hlusk,Raion,District,,Glusk,"98",80.2106661974215,,,,,,
"84",Горки,0.69,0.105,0.086,0.034,0.038,0.018,54.2772,30.9832,Горкі,0.31,"22",BLR,Belarus,"4",Mahilyow,"63",Horki,Raion,District,,Gorki,"368",200.13326432192,,,,,,
"85",Горецкий район,0.752,0.117,0.024,0.017,0.039,0.017,54.2818,30.9833,Горацкі раён,0.248,"22",BLR,Belarus,"4",Mahilyow,"63",Horki,Raion,District,,Gorki,"368",199.870667244222,,,,,,
"86",Костюковичский район,0.67,0.231,0.017,0.012,0.024,0.02,53.3373,32.0461,Касцюковіцкі раён,0.33000001,"22",BLR,Belarus,"4",Mahilyow,"64",Kas'tsyukovichy,Raion,District,,Kostyukovichi,"368",319.18878465285,,,,,,
"87",Хотимский район,0.677,0.218,0.015,0.013,0.041,0.013,53.4067,32.5722,Хоцімскі раён,0.32300001,"22",BLR,Belarus,"4",Mahilyow,"65","Khotsimsk
",Raion,District,,Hotimsk,"368",341.2972558502,,,,,,
"88",Кировский район,0.659,0.179,0.023,0.018,0.059,0.035,53.267,29.4736,Кіраўскі раён,0.34099999,"22",BLR,Belarus,"4",Mahilyow,"66",Kirawsk,Raion,District,,Kirovsk,"98",146.81077709772,,,,,,
"89",Кличевский район,0.578,0.168,0.046,0.029,0.105,0.046,53.4812,29.3411,Клічаўскі раён,0.42199999,"22",BLR,Belarus,"4",Mahilyow,"67",Klichaw,Raion,District,,Klichev,"390",186.038093917604,,,,,,
"90",Климовичский район,0.705,0.138,0.012,0.013,0.042,0.024,53.6151,31.95,Клімавіцкі раён,0.29499999,"22",BLR,Belarus,"4",Mahilyow,"68",Klimavichy,Raion,District,,Klimovichi,"368",294.446985455957,,,,,,
"91",Краснопольский район,0.597,0.19,0.019,0.01,0.09,0.049,53.3318,31.4022,Краснапольскі раён,0.403,"22",BLR,Belarus,"4",Mahilyow,"69",Krasnapolle,Raion,District,,Krasnopolye,"368",288.923699164816,,,,,,
"92",Круглянский район,0.782,0.096,0.022,0.014,0.038,0.025,54.2465,29.7966,Круглянскі раён,0.21799999,"22",BLR,Belarus,"4",Mahilyow,"70",Kruhlaye,Raion,District,,Krugloye,"368",142.362500079382,,,,,,
"93",Кричев,0.66,0.164,0.03,0.02,0.017,0.074,53.7131,31.7138,Крычаў,0.34,"22",BLR,Belarus,"4",Mahilyow,"71",Krychaw,Raion,District,,Krichev,"368",275.429030987965,,,,,,
"94",Кричевский район,0.62,0.136,0.02,0.017,0.047,0.117,53.7179,31.7139,Крычаўскі раён,0.38,"22",BLR,Belarus,"4",Mahilyow,"71",Krychaw,Raion,District,,Krichev,"368",275.105258757014,,,,,,
"95",Могилёв,0.645,0.128,0.062,0.065,0.033,0.029,53.9026,30.3429,Магілёў,0.35499999,"22",BLR,Belarus,"4",Mahilyow,"72",Mahilyow,Raion,District,,,"368",194.732282714925,,,,,,
"96",Могилёвский район,0.73,0.122,0.022,0.02,0.035,0.031,53.9151,30.35,Магілёўскі раён,0.27000001,"22",BLR,Belarus,"4",Mahilyow,"72",Mahilyow,Raion,District,,,"368",194.008749984707,,,,,,
"97",Мстилавский район,0.678,0.193,0.013,0.015,0.036,0.034,54.0151,31.7167,Мсціслаўскі раён,0.322,"22",BLR,Belarus,"4",Mahilyow,"73",Ms'tsislaw,Raion,District,,Mstislavl,"368",256.241884013831,,,,,,
"98",Шкловский район,0.85,0.059,0.016,0.009,0.023,0.018,54.2068,30.2869,Шклоўскі раён,0.15000001,"22",BLR,Belarus,"4",Mahilyow,"74",Shklow,Raion,District,,Shklov,"368",168.201907196566,,,,,,
"99",Славгородский район,0.628,0.23,0.024,0.021,0.031,0.035,53.4437,30.9964,Слаўгарадскі раён,0.37200001,"22",BLR,Belarus,"4",Mahilyow,"75",Slawharad,Raion,District,,Slavgorod,"368",261.607258709504,,,,,,
"100",Борисов,0.272,0.345,0.09,0.055,0.04,0.051,54.227,28.4999,Барысаў,0.72799999,"22",BLR,Belarus,"5",Minsk,"76",Barysaw,Raion,District,,Borisov,"394",86.6912556153908,,,,,,
"101",Борисовский район,0.426,0.19,0.092,0.054,0.086,0.101,54.2318,28.5,Барысаўскі раён,0.574,"22",BLR,Belarus,"5",Minsk,"76",Barysaw,Raion,District,,Borisov,"394",86.1817290756646,,,,,,
"102",Березинский район,0.622,0.112,0.061,0.044,0.099,0.033,53.8317,28.9833,Бярэзінскі раён,0.37799999,"22",BLR,Belarus,"5",Minsk,"77",Byarezan',Raion,District,,Berezino,"390",140.901728095128,,,,,,
"103",Червенский район,0.485,0.089,0.09,0.055,0.185,0.051,53.7062,28.4322,Чэрвеньскі раён,0.51499999,"22",BLR,Belarus,"5",Minsk,"78",Chervyen',Raion,District,,Cherven,"293",92.7134628188916,,,,,,
"104",Дзержинск,0.471,0.105,0.141,0.151,0.051,0.03,53.6771,27.1335,Дзяржынск,0.52899998,"22",BLR,Belarus,"5",Minsk,"79",Dzyarzhynsk,Raion,District,,Dzerzhinsk,"452",19.6031105290007,,,,,,
"105",Дзержинский район,0.428,0.163,0.14,0.107,0.104,0.028,53.6817,27.1333,Дзяржынскі раён,0.57200003,"22",BLR,Belarus,"5",Minsk,"79",Dzyarzhynsk,Raion,District,,Dzerzhinsk,"452",19.20632097193,,,,,,
"106",Копыльский район,0.624,0.073,0.072,0.055,0.086,0.069,53.1484,27.0917,Копыльскі раён,0.37599999,"22",BLR,Belarus,"5",Minsk,"80",Kapyl',Raion,District,,Kopyl,"152",17.5789416345003,,,,,,
"108",Крупский район,0.556,0.116,0.064,0.038,0.123,0.059,54.3235,29.1361,Крупскі раён,0.44400001,"22",BLR,Belarus,"5",Minsk,"82",Krupki,Raion,District,,,"388",99.4081131442881,,,,,,
"109",Логойский район,0.457,0.149,0.13,0.056,0.077,0.088,54.1984,27.85,Лагойскі раён,0.54299998,"22",BLR,Belarus,"5",Minsk,"83",Lahoysk,Raion,District,,Logoysk,"293",27.4740733452694,,,,,,
"110",Любанский район,0.623,0.114,0.067,0.037,0.078,0.042,52.7801,28.0529,Любанскі раён,0.377,"22",BLR,Belarus,"5",Minsk,"84",Lyuban',Raion,District,,Lyuban,"97",37.3197478072365,,,,,,
"113",Центральный район,0.227,0.243,0.178,0.219,0.032,0.049,53.9495,27.5102,Цэнтральны раён,0.773,"22",BLR,Belarus,"5",Minsk,"86",Minsk,Raion,District,,,"205",25.5784036666738,,,,,,
"114",Советский район,0.216,0.207,0.21,0.234,0.032,0.05,53.9378,27.5863,Савецкі раён,0.78399998,"22",BLR,Belarus,"5",Minsk,"86",Minsk,Raion,District,,,"205",29.6686566634198,,,,,,
"115",Первомайский район,0.215,0.253,0.186,0.211,0.033,0.046,53.9362,27.6636,Першамайскі раён,0.78500003,"22",BLR,Belarus,"5",Minsk,"86",Minsk,Raion,District,,,"301",40.1167234384686,,,,,,
"116",Партизанский район,0.259,0.217,0.187,0.2,0.034,0.051,53.9028,27.7075,Партызанскі раён,0.741,"22",BLR,Belarus,"5",Minsk,"86",Minsk,Raion,District,,,"301",44.7090731338837,,,,,,
"117",Заводской район,0.337,0.136,0.217,0.18,0.037,0.046,53.8437,27.6334,Заводскі раён,0.66299999,"22",BLR,Belarus,"5",Minsk,"86",Minsk,Raion,District,,,"205",39.8704519484197,,,,,,
"118",Ленинский район,0.3,0.158,0.209,0.21,0.032,0.04,53.8642,27.586,Ленінскі раён,0.69999999,"22",BLR,Belarus,"5",Minsk,"86",Minsk,Raion,District,,,"205",36.2487898079746,,,,,,
"119",Октябрьский район,0.258,0.163,0.223,0.22,0.037,0.048,53.8499,27.5389,Кастрычніцкі раён,0.74199998,"22",BLR,Belarus,"5",Minsk,"86",Minsk,Raion,District,,,"220",28.8376701978686,,,,,,
"120",Московский район,0.264,0.166,0.22,0.219,0.038,0.044,53.872,27.4956,Маскоўскі раён,0.736,"22",BLR,Belarus,"5",Minsk,"86",Minsk,Raion,District,,,"220",25.0738252171205,,,,,,
"121",Фрунзенский район,0.263,0.163,0.224,0.222,0.037,0.042,53.9068,27.4868,Фрунзенскі раён,0.73699999,"22",BLR,Belarus,"5",Minsk,"86",Minsk,Raion,District,,,"220",22.2425962647944,,,,,,
"122",Заславль,0.439,0.085,0.202,0.15,0.056,0.032,54.002,27.2849,Заслаўе,0.56099999,"22",BLR,Belarus,"5",Minsk,"86",Minsk,Raion,District,,,"220",5.47187315162371,,,,,,
"123",Минский район,0.387,0.18,0.172,0.134,0.077,0.049,53.8984,27.5667,Мінскі раён,0.61299998,"22",BLR,Belarus,"5",Minsk,"86",Minsk,Raion,District,,,"205",32.3687554213177,,,,,,
"126",Пуховический район,0.408,0.217,0.095,0.07,0.113,0.049,53.5151,28.1417,Пухавіцкі раён,0.59200001,"22",BLR,Belarus,"5",Minsk,"89",Pukhavichy,Raion,District,,Puhovichi,"294",99.4773805967022,,,,,,
"127",Солигорск,0.47,0.09,0.24,0.12,0.05,0.03,52.7777,27.5424,Салігорск,0.52999997,"22",BLR,Belarus,"5",Minsk,"90",Salihorsk,Raion,District,,Soligorsk,"85",20.8175766774831,,,,,,
"128",Солигорский район,0.626,0.072,0.07,0.032,0.141,0.025,52.8151,27.5334,Салігорскі раён,0.37400001,"22",BLR,Belarus,"5",Minsk,"90",Salihorsk,Raion,District,,Soligorsk,"85",24.8088726532018,,,,,,
"129",Слуцк,0.555,0.158,0.09,0.07,0.042,0.045,53.0103,27.5499,Слуцк,0.44499999,"22",BLR,Belarus,"5",Minsk,"91",Slutsak,Raion,District,,Slutsk,"85",46.5052963335158,,,,,,
"130",Слуцкий район,0.662,0.057,0.064,0.028,0.137,0.025,53.0151,27.55,Слуцкі раён,0.338,"22",BLR,Belarus,"5",Minsk,"91",Slutsak,Raion,District,,Slutsk,"85",47.0373585027567,,,,,,
"131",Жодино,0.378,0.165,0.191,0.148,0.041,0.03,54.0937,28.3499,Жодзіна,0.62199998,"22",BLR,Belarus,"5",Minsk,"92",Smalyavichy,Raion,District,,Smolevichi,"249",78.5745240583723,,,,,,
"132",Смолевический район,0.444,0.145,0.138,0.084,0.09,0.053,54.0212,28.072,Смалявіцкі раён,0.55599999,"22",BLR,Belarus,"5",Minsk,"92",Smalyavichy,Raion,District,,Smolevichi,"293",51.041074381222,,,,,,
"133",Стародорожский район,0.61,0.115,0.059,0.036,0.103,0.034,53.0378,28.265,Старадарожскі раён,0.38999999,"22",BLR,Belarus,"5",Minsk,"93",Staryya Darohi,Raion,District,,Starye Dorogi,"97",67.9091963061836,,,,,,
"135",Узденский район,0.575,0.081,0.121,0.06,0.088,0.03,53.4645,27.2244,Уздзенскі раён,0.42500001,"22",BLR,Belarus,"5",Minsk,"95",Uzda,Raion,District,,,"478",17.8475080610349,,,,,,
"139",Орша,0.572,0.161,0.083,0.05,0.025,0.053,54.5056,30.4253,Орша,0.428,"22",BLR,Belarus,"6",Vitsyebsk,"98",Arsha,Raion,District,,Orsha,"368",155.978615026153,,,,,,
"140",Оршанский район,0.556,0.153,0.057,0.036,0.067,0.076,54.4984,30.4,Аршанскі раён,0.44400001,"22",BLR,Belarus,"6",Vitsyebsk,"98",Arsha,Raion,District,,Orsha,"368",154.971251666565,,,,,,
"142",Бешенковичский район,0.496,0.152,0.049,0.035,0.13,0.097,55.0318,29.45,Бешанкавіцкі раён,0.50400001,"22",BLR,Belarus,"6",Vitsyebsk,"100",Byeshankovichy,Raion,District,,Beshenkovichi,"355",77.4679948706245,,,,,,
"143",Чашникский район,0.446,0.143,0.13,0.053,0.06,0.123,54.8518,29.1648,Чашніцкі раён,0.55400002,"22",BLR,Belarus,"6",Vitsyebsk,"101",Chashniki,Raion,District,,,"368",66.5936623087664,,,,,,
"145",Дубровенский район,0.589,0.2,0.028,0.03,0.051,0.069,54.5651,30.6834,Дубровенскі раён,0.41100001,"22",BLR,Belarus,"6",Vitsyebsk,"103",Dubrowna,Raion,District,,Dubrovno,"368",167.667959906889,,,,,,
"146",Городокский район,0.553,0.198,0.038,0.038,0.085,0.044,55.4652,29.9833,Гарадоцкі раён,0.447,"22",BLR,Belarus,"6",Vitsyebsk,"104",Haradok,Raion,District,,Gorodok,"354",104.59491303434,,,,,,
"148",Лепельский район,0.496,0.263,0.047,0.043,0.081,0.032,54.8735,28.6945,Лепельскі раён,0.50400001,"22",BLR,Belarus,"6",Vitsyebsk,"106",Lyepyel,Raion,District,,Lepel,"368",43.1714532403365,,,,,,
"149",Лиозненский район,0.818,0.068,0.018,0.016,0.021,0.028,55.0152,30.8,Лёзненьскі раён,0.182,"22",BLR,Belarus,"6",Vitsyebsk,"107",Lyozna,Raion,District,,Liozno,"355",160.003594660166,,,,,,
"152",Новополоцк,0.382,0.204,0.1,0.16,0.041,0.056,55.5274,28.6668,Наваполацк,0.61799997,"22",BLR,Belarus,"6",Vitsyebsk,"110",Polatsak,Raion,District,,Polotsk,"335",22.8790182870142,,,,,,
"153",Полоцк,0.433,0.244,0.071,0.081,0.038,0.073,55.4797,28.7763,Полацк,0.56699997,"22",BLR,Belarus,"6",Vitsyebsk,"110",Polatsak,Raion,District,,Polotsk,"354",31.5443697502455,,,,,,
"154",Полоцкий район,0.356,0.356,0.039,0.046,0.091,0.055,55.4818,28.8,Полацкі раён,0.64399999,"22",BLR,Belarus,"6",Vitsyebsk,"110",Polatsak,Raion,District,,Polotsk,"354",32.9583252010164,,,,,,
"155",Россонский район,0.419,0.23,0.048,0.049,0.094,0.077,55.8991,28.8068,Расонскі раён,0.58099997,"22",BLR,Belarus,"6",Vitsyebsk,"111",Rasony,Raion,District,,Rossonu,"334",49.5009065656415,,,,,,
"157",Шумилинский район,0.561,0.135,0.055,0.045,0.04,0.12,55.358889,29.445833,Шумілінскі раён,0.43900001,"22",BLR,Belarus,"6",Vitsyebsk,"113",Shumilina,Raion,District,,Shumilino,"354",69.6779972919805,,,,,,
"158",Сенненский район,0.611,0.115,0.04,0.032,0.063,0.086,54.7985,29.7,Сенненскі раён,0.389,"22",BLR,Belarus,"6",Vitsyebsk,"114",Syanno,Raion,District,,Senno,"368",99.2688420900559,,,,,,
"159",Талочинский район,0.596,0.137,0.059,0.034,0.055,0.059,54.4152,29.7,Талачынскі раён,0.40400001,"22",BLR,Belarus,"6",Vitsyebsk,"115",Talachyn,Raion,District,,Tolochin,"368",124.423534697053,,,,,,
"160",Ушачкий район,0.552,0.101,0.063,0.049,0.125,0.064,55.1818,28.6167,Ушацкі раён,0.44800001,"22",BLR,Belarus,"6",Vitsyebsk,"116",Ushat,Raion,District,,Ushachi,"357",22.5317097728523,,,,,,
"161",Витебск,0.404,0.258,0.072,0.086,0.031,0.08,55.1772,30.1667,Віцебск,0.59600002,"22",BLR,Belarus,"6",Vitsyebsk,"117",Vitsyebsk,Raion,District,,,"355",116.808760483355,,,,,,
"162",Витебский район,0.529,0.2,0.037,0.036,0.069,0.074,55.1816,30.1671,Віцебскі раён,0.47099999,"22",BLR,Belarus,"6",Vitsyebsk,"117",Vitsyebsk,Raion,District,,,"355",116.758886297017,,,,,,
"163",Верхнедвинский район,0.45,0.2,0.054,0.066,0.12,0.056,55.7652,27.9333,Верхнядзвінскі раён,0.55000001,"22",BLR,Belarus,"6",Vitsyebsk,"118",Vyerkhnyazdvinsk,Raion,District,,Verhnedvinsk,"443",1.19970209849898,,,,,,
